{
    "data": {
        "lookups": [
            "free-text",
            "keywords"
        ],
        "name": "flag",
        "lang": "en",
        "id": "flag",
        "doc": "User-defined entity",
        "builtin": false,
        "values": [
            {
                "value": "90",
                "expressions": [
                    "90"
                ]
            },
            {
                "value": "-p",
                "expressions": [
                    "port",
                    "-p"
                ]
            },
            {
                "value": "https,icmp",
                "expressions": [
                    "https,icmp"
                ]
            },
            {
                "value": "icmp",
                "expressions": [
                    "icmp"
                ]
            },
            {
                "value": "test.txt",
                "expressions": [
                    "test.txt"
                ]
            },
            {
                "value": "some address mask queries",
                "expressions": [
                    "some address mask queries"
                ]
            },
            {
                "value": "-PR",
                "expressions": [
                    "arp scan",
                    "-pr"
                ]
            },
            {
                "value": "-PO",
                "expressions": [
                    "protocols",
                    "-po"
                ]
            },
            {
                "value": "-PM",
                "expressions": [
                    "address mask queries",
                    "-pm"
                ]
            },
            {
                "value": "-PP",
                "expressions": [
                    "timestamps",
                    "-pp"
                ]
            },
            {
                "value": "-PE",
                "expressions": [
                    "echo requests",
                    "-pe"
                ]
            },
            {
                "value": "20,21,22",
                "expressions": [
                    "20,21,22"
                ]
            },
            {
                "value": "80",
                "expressions": [
                    "80"
                ]
            },
            {
                "value": "-PU",
                "expressions": [
                    "udp ping",
                    "-pu"
                ]
            },
            {
                "value": "-PA",
                "expressions": [
                    "ack ping",
                    "-pa"
                ]
            },
            {
                "value": "22,443,80",
                "expressions": [
                    "22,443,80"
                ]
            },
            {
                "value": "8080",
                "expressions": [
                    "8080"
                ]
            },
            {
                "value": "ins.txt",
                "expressions": [
                    "ins.txt"
                ]
            },
            {
                "value": "-PS",
                "expressions": [
                    "syn ping",
                    "-ps"
                ]
            },
            {
                "value": "-PN",
                "expressions": [
                    "without pings",
                    "-pn"
                ]
            },
            {
                "value": "-sP",
                "expressions": [
                    "ping scan",
                    "-sp"
                ]
            },
            {
                "value": "-sL",
                "expressions": [
                    "list scan",
                    "-sl"
                ]
            },
            {
                "value": "10.10.10.0-255",
                "expressions": [
                    "10.10.10.0-255"
                ]
            },
            {
                "value": "10.10.10.49",
                "expressions": [
                    "10.10.10.49"
                ]
            },
            {
                "value": "exclusions.txt",
                "expressions": [
                    "exclusions.txt"
                ]
            },
            {
                "value": "10.14.27.45",
                "expressions": [
                    "10.14.27.45"
                ]
            },
            {
                "value": "--excludefile",
                "expressions": [
                    "exclude file",
                    "--excludefile"
                ]
            },
            {
                "value": "--exclude",
                "expressions": [
                    "exclude",
                    "exclude address",
                    "--exclude"
                ]
            },
            {
                "value": "rensler.txt",
                "expressions": [
                    "rensler.txt"
                ]
            },
            {
                "value": "47",
                "expressions": [
                    "47"
                ]
            },
            {
                "value": "running",
                "expressions": [
                    "running"
                ]
            },
            {
                "value": "40",
                "expressions": [
                    "40"
                ]
            },
            {
                "value": "200",
                "expressions": [
                    "200"
                ]
            },
            {
                "value": "50",
                "expressions": [
                    "50"
                ]
            },
            {
                "value": "scanning.txt",
                "expressions": [
                    "scanning.txt"
                ]
            },
            {
                "value": "toscan.txt",
                "expressions": [
                    "toscan.txt"
                ]
            },
            {
                "value": "peaches",
                "expressions": [
                    "peaches"
                ]
            },
            {
                "value": "hosts.txt",
                "expressions": [
                    "hosts.txt"
                ]
            },
            {
                "value": "addresses.txt",
                "expressions": [
                    "addresses.txt"
                ]
            },
            {
                "value": "ips.txt",
                "expressions": [
                    "ips.txt"
                ]
            },
            {
                "value": "-iR",
                "expressions": [
                    "random",
                    "-ir"
                ]
            },
            {
                "value": "-iL",
                "expressions": [
                    "input list",
                    "-il"
                ]
            }
        ]
    }
}
