{
    "data": {
        "lookups": [
            "keywords"
        ],
        "name": "option",
        "lang": "en",
        "id": "option",
        "doc": "User-defined entity",
        "builtin": false,
        "values": [
            {
                "value": "80",
                "expressions": [
                    "80"
                ]
            },
            {
                "value": "-T5",
                "expressions": [
                    "timing five",
                    "timing 5",
                    "-t5"
                ]
            },
            {
                "value": "-T4",
                "expressions": [
                    "timing four",
                    "timing 4",
                    "-t4"
                ]
            },
            {
                "value": "-T3",
                "expressions": [
                    "timing three",
                    "timing 3",
                    "-t3"
                ]
            },
            {
                "value": "-T2",
                "expressions": [
                    "timing 2",
                    "timing two",
                    "-t2"
                ]
            },
            {
                "value": "-T1",
                "expressions": [
                    "timing 1",
                    "timing one",
                    "-t1"
                ]
            },
            {
                "value": "-R",
                "expressions": [
                    "with dns queries",
                    "-r"
                ]
            },
            {
                "value": "-n",
                "expressions": [
                    "no dns queries",
                    "-n"
                ]
            },
            {
                "value": "-v",
                "expressions": [
                    "verbose",
                    "--verbose",
                    "-v"
                ]
            },
            {
                "value": "-g",
                "expressions": [
                    "source port",
                    "-g"
                ]
            }
        ]
    }
}
